datetime,Temperature
30/5/2016 11:00,18.4
30/5/2016 12:00,19.2
30/5/2016 13:00,20.1
30/5/2016 14:00,21
30/5/2016 15:00,21.4
30/5/2016 16:00,21.9
30/5/2016 18:00,21.2
30/5/2016 19:00,20.4
31/5/2016 11:00,19.4
31/5/2016 12:00,21.3
31/5/2016 14:00,22.2
31/5/2016 16:00,22.1
31/5/2016 17:00,21.8
31/5/2016 18:00,20.8
1/6/2016 7:00,13.6
1/6/2016 8:00,14.5
1/6/2016 9:00,16.2
1/6/2016 10:00,17.4
1/6/2016 20:00,19
1/6/2016 21:00,19
1/6/2016 22:00,17.7
1/6/2016 23:00,17.3
2/6/2016 0:00,16.9
2/6/2016 1:00,17
2/6/2016 2:00,16.9
2/6/2016 3:00,16.2
2/6/2016 4:00,15.7
2/6/2016 5:00,15.2
4/6/2016 11:00,17.9
4/6/2016 12:00,18.8
4/6/2016 13:00,21.2
4/6/2016 14:00,21.5
4/6/2016 15:00,21.5
4/6/2016 16:00,20.5
4/6/2016 17:00,20.7
4/6/2016 18:00,21.5
4/6/2016 19:00,20
4/6/2016 20:00,19.7
5/6/2016 6:00,17.3
5/6/2016 7:00,17.2
5/6/2016 8:00,17.3
5/6/2016 9:00,18
5/6/2016 20:00,21.1
5/6/2016 21:00,20.2
5/6/2016 22:00,19.4
5/6/2016 23:00,18.9
6/6/2016 3:00,17.8
6/6/2016 4:00,17.4
6/6/2016 5:00,17
8/6/2016 11:00,23.3
8/6/2016 12:00,25
8/6/2016 13:00,23.4
8/6/2016 14:00,23.9
8/6/2016 15:00,24.3
8/6/2016 17:00,22.9
8/6/2016 19:00,21
9/6/2016 7:00,16.1
9/6/2016 9:00,15.7
9/6/2016 11:00,17.5
9/6/2016 21:00,16.4
10/6/2016 0:00,15.8
10/6/2016 1:00,15.6
10/6/2016 2:00,15.3
10/6/2016 3:00,15.9
10/6/2016 4:00,15.9
10/6/2016 5:00,16
12/6/2016 13:00,21.3
12/6/2016 14:00,21.4
12/6/2016 15:00,21.9
12/6/2016 16:00,22.4
12/6/2016 17:00,20.8
12/6/2016 18:00,19.9
12/6/2016 19:00,19.6
13/6/2016 7:00,16.3
13/6/2016 8:00,17.6
13/6/2016 20:00,21.7
13/6/2016 21:00,21.4
13/6/2016 22:00,21
13/6/2016 23:00,20.8
14/6/2016 3:00,16.2
14/6/2016 5:00,15.8
16/6/2016 12:00,22.5
16/6/2016 13:00,23.2
16/6/2016 14:00,23.1
16/6/2016 15:00,22.7
16/6/2016 16:00,23.3
16/6/2016 17:00,22.8
17/6/2016 7:00,18.9
17/6/2016 9:00,20.2
17/6/2016 10:00,21.2
17/6/2016 11:00,22.5
17/6/2016 21:00,22.8
17/6/2016 23:00,21.4
18/6/2016 2:00,19.6
18/6/2016 3:00,18.7
18/6/2016 4:00,18
20/6/2016 11:00,20.3
20/6/2016 12:00,20.8
20/6/2016 13:00,21.7
20/6/2016 14:00,23.3
20/6/2016 16:00,23
20/6/2016 18:00,22.4
20/6/2016 19:00,22.9
21/6/2016 6:00,16.7
21/6/2016 7:00,16.9
21/6/2016 9:00,21.8
21/6/2016 10:00,22.2
22/6/2016 3:00,19.4
22/6/2016 4:00,19.4
22/6/2016 5:00,19.3
22/6/2016 6:00,19.4
24/6/2016 6:00,24.2
24/6/2016 13:00,30
24/6/2016 14:00,31
24/6/2016 15:00,30.9
24/6/2016 16:00,31.4
24/6/2016 17:00,32.1
24/6/2016 18:00,31.4
24/6/2016 19:00,30.3
25/6/2016 7:00,26.2
25/6/2016 8:00,27.9
25/6/2016 21:00,27.5
25/6/2016 22:00,21.9
26/6/2016 2:00,22.5
26/6/2016 20:00,26.6
28/6/2016 11:00,25.8
28/6/2016 14:00,25.5
28/6/2016 15:00,25.6
28/6/2016 18:00,25.6
29/6/2016 6:00,18.5
29/6/2016 7:00,22.1
29/6/2016 9:00,24.6
29/6/2016 21:00,24.8
29/6/2016 23:00,23.1
30/6/2016 0:00,21.5
30/6/2016 1:00,20.8
30/6/2016 3:00,20.4
2/7/2016 11:00,27.2
2/7/2016 13:00,26.9
2/7/2016 14:00,27
2/7/2016 15:00,26.4
2/7/2016 16:00,25.6
2/7/2016 18:00,25.9
3/7/2016 6:00,23.1
4/7/2016 0:00,20.5
4/7/2016 1:00,20.1
4/7/2016 22:00,21.9
6/7/2016 11:00,26.7
6/7/2016 12:00,26.4
6/7/2016 17:00,27.9
6/7/2016 18:00,27.3
7/7/2016 11:00,26.4
7/7/2016 23:00,24
8/7/2016 0:00,21.4
8/7/2016 1:00,21.4
8/7/2016 7:00,22.2
8/7/2016 11:00,27.3
10/7/2016 14:00,30
10/7/2016 17:00,30.6
10/7/2016 19:00,28.7
10/7/2016 20:00,28.3
11/7/2016 7:00,24.2
11/7/2016 21:00,28.3
11/7/2016 22:00,28
12/7/2016 1:00,26.7
12/7/2016 5:00,25.4
14/7/2016 11:00,21.6
14/7/2016 12:00,23.4
14/7/2016 13:00,22.9
14/7/2016 14:00,23.5
20/7/2016 17:00,28
22/7/2016 13:00,27.9
25/7/2016 3:00,25.1
1/8/2016 2:00,23
1/8/2016 14:00,21.2
1/8/2016 16:00,24
3/8/2016 12:00,27.6
15/8/2016 13:00,26.6
15/8/2016 15:00,27.7
15/8/2016 17:00,28.4
15/8/2016 18:00,27.7
15/8/2016 19:00,26.8
16/8/2016 8:00,20.9
16/8/2016 11:00,25.9
17/8/2016 0:00,24.7
17/8/2016 1:00,22
17/8/2016 2:00,22.5
17/8/2016 3:00,21
17/8/2016 4:00,22.5
17/8/2016 6:00,20.7
8/9/2016 13:00,26.4
8/9/2016 14:00,26.8
8/9/2016 15:00,27.1
8/9/2016 16:00,26.7
8/9/2016 17:00,26.7
8/9/2016 18:00,27.5
8/9/2016 19:00,26.8
8/9/2016 20:00,23.8
8/9/2016 21:00,24.6
8/9/2016 23:00,23.6
9/9/2016 0:00,22.9
9/9/2016 1:00,22.6
9/9/2016 2:00,22
9/9/2016 3:00,21.9
9/9/2016 4:00,20.9
9/9/2016 5:00,20.2
9/9/2016 6:00,20
9/9/2016 7:00,20
9/9/2016 8:00,20
9/9/2016 9:00,22.2
9/9/2016 10:00,22.5
9/9/2016 11:00,26
9/9/2016 12:00,28.4
9/9/2016 13:00,29.8
9/9/2016 14:00,30
9/9/2016 15:00,30.8
9/9/2016 16:00,30.6
9/9/2016 17:00,30.3
9/9/2016 18:00,30.3
9/9/2016 19:00,29.2
9/9/2016 20:00,24.9
9/9/2016 21:00,25.2
9/9/2016 22:00,25.9
9/9/2016 23:00,25.7
10/9/2016 0:00,23.5
10/9/2016 1:00,23.2
10/9/2016 2:00,22.4
10/9/2016 3:00,22.6
10/9/2016 4:00,21.8
10/9/2016 5:00,20.8
10/9/2016 6:00,20.5
10/9/2016 7:00,20.7
10/9/2016 8:00,21.1
10/9/2016 9:00,22
10/9/2016 10:00,25.1
10/9/2016 11:00,27.2
10/9/2016 12:00,28.8
10/9/2016 14:00,30.5
10/9/2016 15:00,30.3
10/9/2016 16:00,30.9
10/9/2016 17:00,28.6
10/9/2016 18:00,29.1
10/9/2016 19:00,27.6
10/9/2016 20:00,24.3
10/9/2016 21:00,23.1
10/9/2016 22:00,25.1
10/9/2016 23:00,23.7
11/9/2016 0:00,25
11/9/2016 1:00,24.1
11/9/2016 2:00,23.2
11/9/2016 3:00,22.4
11/9/2016 4:00,21.8
11/9/2016 5:00,21.1
11/9/2016 6:00,20.8
11/9/2016 7:00,20.9
11/9/2016 8:00,21
11/9/2016 9:00,21.6
11/9/2016 10:00,23.4
11/9/2016 11:00,25.9
11/9/2016 12:00,27.1
11/9/2016 13:00,27.2
11/9/2016 14:00,27
11/9/2016 15:00,27.7
11/9/2016 16:00,27.9
11/9/2016 17:00,27.8
11/9/2016 18:00,27.1
11/9/2016 19:00,25.9
11/9/2016 20:00,25.3
11/9/2016 21:00,23.3
11/9/2016 22:00,23
11/9/2016 23:00,22
12/9/2016 0:00,21.9
12/9/2016 1:00,21.1
12/9/2016 2:00,21.2
12/9/2016 3:00,21.6
12/9/2016 4:00,21.4
12/9/2016 5:00,21.2
12/9/2016 6:00,21.2
12/9/2016 7:00,20.8
12/9/2016 8:00,20.8
12/9/2016 9:00,22.4
12/9/2016 10:00,24.6
12/9/2016 11:00,26.7
12/9/2016 12:00,28.5
12/9/2016 13:00,29.6
12/9/2016 14:00,29.5
12/9/2016 15:00,28.8
12/9/2016 16:00,29.1
12/9/2016 17:00,28.9
12/9/2016 18:00,28.3
12/9/2016 19:00,28
12/9/2016 20:00,26
12/9/2016 21:00,25
12/9/2016 22:00,22.8
12/9/2016 23:00,21.9
13/9/2016 0:00,22.9
13/9/2016 1:00,22.3
13/9/2016 2:00,21.6
13/9/2016 3:00,20.6
13/9/2016 4:00,21.2
13/9/2016 5:00,20.6
13/9/2016 6:00,20.5
13/9/2016 7:00,20
13/9/2016 8:00,20.7
13/9/2016 9:00,22.5
13/9/2016 10:00,24.1
13/9/2016 11:00,26.3
13/9/2016 12:00,27.2
13/9/2016 13:00,26.8
13/9/2016 14:00,26.8
13/9/2016 15:00,27
13/9/2016 16:00,27.6
13/9/2016 17:00,27.8
13/9/2016 18:00,27.5
13/9/2016 19:00,26.4
13/9/2016 20:00,24.2
13/9/2016 21:00,23.6
13/9/2016 22:00,22.4
13/9/2016 23:00,21.9
14/9/2016 0:00,21.9
14/9/2016 1:00,21.4
14/9/2016 2:00,20.7
14/9/2016 3:00,20.8
14/9/2016 4:00,20.8
14/9/2016 5:00,20.3
14/9/2016 6:00,20
14/9/2016 7:00,19.8
14/9/2016 8:00,19.8
14/9/2016 9:00,21.5
14/9/2016 10:00,22.8
14/9/2016 11:00,24
14/9/2016 12:00,26.9
14/9/2016 13:00,25.7
14/9/2016 14:00,26.6
14/9/2016 15:00,26.2
14/9/2016 16:00,27
14/9/2016 17:00,26.8
14/9/2016 18:00,26.4
14/9/2016 19:00,25.2
14/9/2016 20:00,24.8
14/9/2016 21:00,24.7
14/9/2016 22:00,24.5
14/9/2016 23:00,24.2
15/9/2016 0:00,24.3
15/9/2016 1:00,22.7
15/9/2016 2:00,21.7
15/9/2016 3:00,21.3
15/9/2016 4:00,20.8
15/9/2016 5:00,20.7
15/9/2016 6:00,20.8
15/9/2016 7:00,21.1
15/9/2016 8:00,21.8
15/9/2016 9:00,23.5
15/9/2016 10:00,24.5
15/9/2016 11:00,24.5
15/9/2016 12:00,23.9
15/9/2016 13:00,24.5
15/9/2016 14:00,22.9
15/9/2016 15:00,18.8
15/9/2016 17:00,22.3
15/9/2016 18:00,21.9
15/9/2016 19:00,21.1
15/9/2016 20:00,20.4
15/9/2016 21:00,20.4
15/9/2016 22:00,20.6
15/9/2016 23:00,20.2
16/9/2016 0:00,19.5
16/9/2016 1:00,19.2
16/9/2016 2:00,19.2
16/9/2016 3:00,18.8
16/9/2016 4:00,18.4
16/9/2016 5:00,18.3
16/9/2016 6:00,18.6
16/9/2016 7:00,18.1
16/9/2016 8:00,17.4
16/9/2016 9:00,18
16/9/2016 10:00,20.4
16/9/2016 11:00,20.9
16/9/2016 12:00,21.1
16/9/2016 13:00,20.9
16/9/2016 14:00,20.9
16/9/2016 15:00,20.1
16/9/2016 16:00,18.8
16/9/2016 17:00,18.6
16/9/2016 18:00,20.3
16/9/2016 19:00,19.6
16/9/2016 20:00,19.6
16/9/2016 21:00,19.4
16/9/2016 22:00,17.9
16/9/2016 23:00,18.4
17/9/2016 0:00,18.5
17/9/2016 1:00,18.4
17/9/2016 2:00,17.3
17/9/2016 3:00,16.7
17/9/2016 4:00,16.7
17/9/2016 5:00,16.6
17/9/2016 6:00,16.2
17/9/2016 7:00,16.1
17/9/2016 8:00,16.4
17/9/2016 9:00,17.1
17/9/2016 10:00,17.5
17/9/2016 11:00,18
17/9/2016 12:00,19.6
17/9/2016 13:00,21.7
17/9/2016 14:00,22.3
17/9/2016 15:00,22.2
17/9/2016 16:00,22.8
17/9/2016 17:00,23.4
17/9/2016 18:00,22.7
17/9/2016 19:00,21.6
17/9/2016 20:00,21.2
17/9/2016 21:00,21.2
17/9/2016 22:00,21.4
17/9/2016 23:00,21.8
18/9/2016 0:00,21.8
18/9/2016 1:00,21.8
18/9/2016 2:00,19
18/9/2016 3:00,18.1
18/9/2016 4:00,17.6
18/9/2016 5:00,16.9
18/9/2016 6:00,17.2
18/9/2016 7:00,16.6
18/9/2016 8:00,16.2
18/9/2016 9:00,16.8
18/9/2016 10:00,16
18/9/2016 11:00,16.5
18/9/2016 12:00,18.7
18/9/2016 13:00,19.8
18/9/2016 14:00,20.5
18/9/2016 15:00,20.8
18/9/2016 16:00,21.4
18/9/2016 17:00,20.9
18/9/2016 18:00,20
18/9/2016 19:00,19.3
18/9/2016 20:00,18.2
18/9/2016 21:00,17.2
18/9/2016 22:00,17.3
18/9/2016 23:00,17.5
19/9/2016 0:00,17.4
19/9/2016 1:00,16.9
19/9/2016 2:00,16.8
19/9/2016 3:00,16.7
19/9/2016 4:00,16.8
19/9/2016 5:00,16.2
19/9/2016 6:00,15.8
19/9/2016 7:00,15.9
19/9/2016 8:00,16
19/9/2016 9:00,17.4
19/9/2016 10:00,18
19/9/2016 11:00,19.8
19/9/2016 12:00,21.8
19/9/2016 13:00,23.4
19/9/2016 14:00,23.4
19/9/2016 15:00,23.3
19/9/2016 16:00,24.2
19/9/2016 17:00,23.8
19/9/2016 18:00,22.8
19/9/2016 19:00,21.1
19/9/2016 20:00,21.4
19/9/2016 21:00,21.2
19/9/2016 22:00,20.9
19/9/2016 23:00,20.4
20/9/2016 0:00,19.3
20/9/2016 1:00,20.4
20/9/2016 2:00,19.7
20/9/2016 3:00,17.9
20/9/2016 4:00,17.8
20/9/2016 5:00,18.1
20/9/2016 6:00,17.5
20/9/2016 7:00,16.7
20/9/2016 8:00,16.5
20/9/2016 9:00,17.1
20/9/2016 10:00,17.9
20/9/2016 11:00,18.8
20/9/2016 12:00,21.9
20/9/2016 13:00,23
20/9/2016 14:00,24.3
20/9/2016 15:00,20.8
20/9/2016 16:00,19.2
20/9/2016 17:00,21
20/9/2016 18:00,22.2
20/9/2016 19:00,20.5
20/9/2016 20:00,19
20/9/2016 21:00,18.3
20/9/2016 22:00,18.5
20/9/2016 23:00,17.9
21/9/2016 0:00,18.1
21/9/2016 1:00,16.9
21/9/2016 2:00,16.7
21/9/2016 3:00,16.6
21/9/2016 4:00,16.5
21/9/2016 5:00,15.3
21/9/2016 6:00,14.9
21/9/2016 7:00,14.9
21/9/2016 8:00,15
21/9/2016 9:00,14.8
21/9/2016 10:00,15.2
21/9/2016 11:00,15.6
21/9/2016 12:00,16.6
21/9/2016 13:00,17.1
21/9/2016 14:00,17.7
21/9/2016 15:00,18.7
21/9/2016 16:00,18.8
21/9/2016 17:00,19.2
21/9/2016 18:00,19.1
21/9/2016 19:00,16.9
21/9/2016 20:00,16.5
21/9/2016 21:00,16.6
21/9/2016 22:00,16.8
21/9/2016 23:00,15.7
22/9/2016 0:00,16.1
22/9/2016 1:00,16.6
22/9/2016 2:00,15.9
22/9/2016 3:00,15.6
22/9/2016 4:00,15.3
22/9/2016 5:00,15.2
22/9/2016 6:00,15.5
22/9/2016 7:00,15.4
22/9/2016 8:00,15.1
22/9/2016 9:00,14.9
22/9/2016 10:00,16
22/9/2016 11:00,17
22/9/2016 12:00,18.9
22/9/2016 13:00,20.2
22/9/2016 14:00,20.8
22/9/2016 15:00,21.2
22/9/2016 16:00,21.3
22/9/2016 17:00,21.2
22/9/2016 18:00,21
22/9/2016 19:00,19.3
22/9/2016 20:00,15.7
22/9/2016 21:00,14.2
22/9/2016 22:00,14.1
22/9/2016 23:00,15.5
23/9/2016 0:00,16.5
23/9/2016 1:00,17
23/9/2016 2:00,16.4
23/9/2016 3:00,14.9
23/9/2016 4:00,15.7
23/9/2016 5:00,14.4
23/9/2016 6:00,13.7
23/9/2016 7:00,12.7
23/9/2016 8:00,13.2
23/9/2016 9:00,14.4
23/9/2016 10:00,16.2
23/9/2016 11:00,18.4
23/9/2016 12:00,20.9
23/9/2016 13:00,21.7
23/9/2016 14:00,21.8
23/9/2016 15:00,21.6
23/9/2016 16:00,21.5
23/9/2016 17:00,21.2
23/9/2016 18:00,20.6
23/9/2016 19:00,19.7
23/9/2016 20:00,18.9
23/9/2016 21:00,18.5
23/9/2016 22:00,17.8
23/9/2016 23:00,15.3
24/9/2016 0:00,16.2
24/9/2016 1:00,15.8
24/9/2016 2:00,15.5
24/9/2016 3:00,14.8
24/9/2016 4:00,13.9
24/9/2016 5:00,13.4
24/9/2016 6:00,14.2
24/9/2016 7:00,13.5
24/9/2016 8:00,14
24/9/2016 9:00,14.9
24/9/2016 10:00,17.2
24/9/2016 11:00,19.2
24/9/2016 12:00,21.1
24/9/2016 13:00,22.1
24/9/2016 14:00,22.2
24/9/2016 15:00,22.8
24/9/2016 16:00,22.4
24/9/2016 17:00,22.2
24/9/2016 18:00,21.6
24/9/2016 19:00,20.1
24/9/2016 20:00,17.5
24/9/2016 21:00,16.2
24/9/2016 22:00,18
24/9/2016 23:00,18.1
25/9/2016 0:00,16.4
25/9/2016 1:00,15.4
25/9/2016 2:00,15.5
25/9/2016 3:00,14.8
25/9/2016 4:00,13.8
25/9/2016 5:00,14.4
25/9/2016 6:00,14
25/9/2016 7:00,13.6
25/9/2016 8:00,14.5
25/9/2016 9:00,15.5
25/9/2016 10:00,17.4
25/9/2016 11:00,19.2
25/9/2016 12:00,21.2
25/9/2016 13:00,21.8
25/9/2016 14:00,22
25/9/2016 15:00,22.4
25/9/2016 16:00,22.2
25/9/2016 17:00,22.3
25/9/2016 18:00,22
25/9/2016 19:00,19.7
25/9/2016 20:00,17.2
25/9/2016 21:00,16.2
25/9/2016 22:00,15.9
25/9/2016 23:00,15.9
26/9/2016 0:00,15.5
26/9/2016 1:00,16.2
26/9/2016 2:00,15.8
26/9/2016 3:00,14.9
26/9/2016 4:00,15.6
26/9/2016 5:00,14.2
26/9/2016 6:00,13.8
26/9/2016 7:00,13.5
26/9/2016 8:00,13.8
26/9/2016 9:00,15.7
26/9/2016 10:00,17.4
26/9/2016 11:00,19.7
26/9/2016 12:00,21.7
26/9/2016 13:00,21.8
26/9/2016 14:00,22.8
26/9/2016 15:00,22.6
26/9/2016 16:00,22.8
26/9/2016 17:00,22.8
26/9/2016 18:00,22
26/9/2016 19:00,20.3
26/9/2016 20:00,17.5
26/9/2016 21:00,16.1
26/9/2016 22:00,15.4
26/9/2016 23:00,16.7
27/9/2016 0:00,17.2
27/9/2016 1:00,17
27/9/2016 2:00,17.9
27/9/2016 3:00,16.3
27/9/2016 4:00,14.5
27/9/2016 5:00,13.9
27/9/2016 6:00,13.5
27/9/2016 7:00,14.9
27/9/2016 8:00,14.8
27/9/2016 9:00,17.4
27/9/2016 10:00,18.1
27/9/2016 11:00,19.7
27/9/2016 12:00,21
27/9/2016 13:00,21.9
27/9/2016 14:00,22.1
27/9/2016 15:00,22.1
27/9/2016 16:00,22.2
27/9/2016 17:00,21.8
27/9/2016 18:00,21.4
27/9/2016 19:00,20.3
27/9/2016 20:00,17.3
27/9/2016 21:00,16.6
27/9/2016 22:00,16.2
27/9/2016 23:00,17.6
28/9/2016 0:00,17.8
28/9/2016 1:00,18.2
28/9/2016 2:00,16.3
28/9/2016 3:00,15.5
28/9/2016 4:00,15
28/9/2016 5:00,14.3
28/9/2016 6:00,14.7
28/9/2016 7:00,14.7
28/9/2016 8:00,14.1
28/9/2016 9:00,17.3
28/9/2016 10:00,19.6
28/9/2016 11:00,20.7
28/9/2016 12:00,21.5
28/9/2016 13:00,21.5
28/9/2016 14:00,22.2
28/9/2016 15:00,22.4
28/9/2016 16:00,21.9
28/9/2016 17:00,21.9
28/9/2016 18:00,21.3
28/9/2016 19:00,20.2
28/9/2016 20:00,19.7
28/9/2016 21:00,20
28/9/2016 22:00,19.7
28/9/2016 23:00,19.5
29/9/2016 0:00,19.1
29/9/2016 1:00,18.5
29/9/2016 2:00,18.7
29/9/2016 3:00,16.8
29/9/2016 4:00,15.2
29/9/2016 5:00,14.1
29/9/2016 6:00,13.6
29/9/2016 7:00,13.3
29/9/2016 8:00,13.2
29/9/2016 9:00,15.5
29/9/2016 10:00,17.4
29/9/2016 11:00,19.6
29/9/2016 12:00,21.5
29/9/2016 13:00,21.8
29/9/2016 14:00,22.9
29/9/2016 15:00,22
29/9/2016 16:00,22.3
29/9/2016 17:00,22.2
29/9/2016 18:00,21.3
29/9/2016 19:00,20.2
29/9/2016 20:00,20
29/9/2016 21:00,19.7
29/9/2016 22:00,19.8
29/9/2016 23:00,19.9
30/9/2016 0:00,19.7
30/9/2016 1:00,19.3
30/9/2016 2:00,16.5
30/9/2016 3:00,16.4
30/9/2016 4:00,16.2
30/9/2016 5:00,16.4
30/9/2016 6:00,16.4
30/9/2016 7:00,15.3
30/9/2016 8:00,15.8
30/9/2016 9:00,16.2
30/9/2016 10:00,17.7
30/9/2016 11:00,20
30/9/2016 12:00,21
30/9/2016 13:00,21
30/9/2016 14:00,21.3
30/9/2016 15:00,22.8
30/9/2016 16:00,23.9
30/9/2016 17:00,22.1
30/9/2016 18:00,21.8
30/9/2016 19:00,21.2
30/9/2016 20:00,20.5
30/9/2016 21:00,20.9
30/9/2016 22:00,20.8
30/9/2016 23:00,21
1/10/2016 0:00,20.6
1/10/2016 1:00,19.5
1/10/2016 2:00,18.3
1/10/2016 3:00,17.2
1/10/2016 4:00,15.4
1/10/2016 5:00,16.3
1/10/2016 6:00,16.5
1/10/2016 7:00,15.7
1/10/2016 8:00,15.4
1/10/2016 9:00,15.8
1/10/2016 10:00,15.9
1/10/2016 11:00,16.2
1/10/2016 12:00,17.2
1/10/2016 13:00,20.4
1/10/2016 14:00,22.3
1/10/2016 15:00,22.1
1/10/2016 16:00,22.1
1/10/2016 17:00,22.3
1/10/2016 18:00,21.2
1/10/2016 19:00,20.8
1/10/2016 20:00,20.8
1/10/2016 21:00,20.6
1/10/2016 22:00,20.8
1/10/2016 23:00,21
2/10/2016 0:00,20.8
2/10/2016 1:00,19.3
2/10/2016 2:00,18.2
2/10/2016 3:00,17.3
2/10/2016 4:00,16.5
2/10/2016 5:00,16.7
2/10/2016 6:00,16.6
2/10/2016 7:00,16.6
2/10/2016 8:00,16.5
2/10/2016 9:00,16.5
2/10/2016 10:00,17.1
2/10/2016 11:00,17.6
2/10/2016 12:00,18.2
2/10/2016 13:00,19.3
2/10/2016 14:00,19.1
2/10/2016 15:00,19.7
2/10/2016 16:00,19.6
2/10/2016 17:00,20.2
2/10/2016 18:00,19.8
2/10/2016 19:00,18.7
2/10/2016 20:00,16.9
2/10/2016 21:00,16.4
2/10/2016 22:00,18.1
2/10/2016 23:00,18.2
3/10/2016 0:00,18.9
3/10/2016 1:00,19.2
3/10/2016 2:00,19.3
3/10/2016 3:00,19.2
3/10/2016 4:00,17.3
3/10/2016 5:00,16.8
3/10/2016 6:00,15.2
3/10/2016 7:00,15.8
3/10/2016 8:00,15.3
3/10/2016 9:00,14.5
3/10/2016 10:00,15.7
3/10/2016 11:00,18.1
3/10/2016 12:00,18.6
3/10/2016 13:00,19.7
3/10/2016 14:00,19.4
3/10/2016 15:00,19.4
3/10/2016 16:00,19.7
3/10/2016 17:00,19.3
3/10/2016 18:00,19
3/10/2016 20:00,14
3/10/2016 21:00,13.1
3/10/2016 22:00,12.9
3/10/2016 23:00,12.6
4/10/2016 0:00,12.8
4/10/2016 1:00,13.8
4/10/2016 2:00,14.4
4/10/2016 3:00,13.9
4/10/2016 4:00,13
4/10/2016 5:00,11.9
4/10/2016 6:00,11.5
4/10/2016 7:00,11
4/10/2016 8:00,10.3
4/10/2016 9:00,13
4/10/2016 10:00,14.4
4/10/2016 11:00,15.3
4/10/2016 12:00,18.5
4/10/2016 13:00,18.6
4/10/2016 14:00,19
4/10/2016 15:00,20.8
4/10/2016 16:00,20.5
4/10/2016 17:00,20.5
4/10/2016 18:00,20.4
4/10/2016 19:00,18.5
4/10/2016 20:00,18
4/10/2016 21:00,17.7
4/10/2016 22:00,15.3
4/10/2016 23:00,14.1
5/10/2016 0:00,13.9
5/10/2016 1:00,15.1
5/10/2016 2:00,12.7
5/10/2016 3:00,12.1
5/10/2016 4:00,11.2
5/10/2016 5:00,12.6
5/10/2016 6:00,14.3
5/10/2016 7:00,16.2
5/10/2016 8:00,15.9
5/10/2016 9:00,15.8
5/10/2016 10:00,15
5/10/2016 11:00,15.3
5/10/2016 12:00,14.7
5/10/2016 13:00,14.6
5/10/2016 14:00,14.5
5/10/2016 15:00,14.6
5/10/2016 16:00,14.7
5/10/2016 17:00,14.6
5/10/2016 18:00,14.6
5/10/2016 19:00,13.5
5/10/2016 20:00,13.3
5/10/2016 21:00,12.4
5/10/2016 22:00,11.6
5/10/2016 23:00,9.6
6/10/2016 0:00,9.8
6/10/2016 1:00,9.3
6/10/2016 2:00,9.9
6/10/2016 3:00,9.5
6/10/2016 4:00,9.5
6/10/2016 5:00,9
6/10/2016 6:00,8.7
6/10/2016 7:00,8.5
6/10/2016 8:00,7.9
6/10/2016 9:00,9.8
6/10/2016 10:00,10.1
6/10/2016 11:00,15.1
6/10/2016 12:00,14.1
6/10/2016 14:00,15.8
6/10/2016 15:00,15.6
6/10/2016 16:00,15.5
6/10/2016 18:00,14.6
6/10/2016 19:00,12.2
6/10/2016 20:00,10.1
6/10/2016 21:00,9.8
6/10/2016 22:00,10.7
6/10/2016 23:00,10.5
7/10/2016 0:00,11
7/10/2016 1:00,10
7/10/2016 2:00,10.4
7/10/2016 3:00,10.5
7/10/2016 4:00,10.7
7/10/2016 5:00,10.4
7/10/2016 6:00,8.8
7/10/2016 7:00,7.2
7/10/2016 8:00,7.5
7/10/2016 9:00,8.5
7/10/2016 10:00,8.8
7/10/2016 11:00,11.4
7/10/2016 12:00,14.1
7/10/2016 13:00,15.3
7/10/2016 14:00,16.1
7/10/2016 15:00,17.6
7/10/2016 16:00,17.6
7/10/2016 17:00,17
7/10/2016 18:00,16.5
7/10/2016 19:00,13.2
7/10/2016 20:00,12.9
7/10/2016 21:00,12.7
7/10/2016 22:00,11.5
7/10/2016 23:00,11.9
8/10/2016 0:00,13.1
8/10/2016 1:00,11.4
8/10/2016 2:00,10.8
8/10/2016 3:00,10.5
8/10/2016 4:00,10.1
8/10/2016 5:00,10
8/10/2016 6:00,9.8
8/10/2016 7:00,9.9
8/10/2016 8:00,9.8
8/10/2016 9:00,10.4
8/10/2016 10:00,10.8
8/10/2016 11:00,10.1
8/10/2016 12:00,10.3
8/10/2016 13:00,10.7
8/10/2016 14:00,13
8/10/2016 15:00,12.8
8/10/2016 16:00,12.1
8/10/2016 17:00,12.3
8/10/2016 18:00,12.1
8/10/2016 19:00,11.9
8/10/2016 20:00,11.7
8/10/2016 21:00,11
8/10/2016 22:00,10.3
8/10/2016 23:00,10.4
9/10/2016 0:00,10.5
9/10/2016 1:00,10.8
9/10/2016 2:00,10.9
9/10/2016 3:00,10.3
9/10/2016 4:00,10.3
9/10/2016 5:00,10.3
9/10/2016 6:00,9.8
9/10/2016 7:00,10
9/10/2016 8:00,10.2
9/10/2016 9:00,10.7
9/10/2016 10:00,11.8
9/10/2016 11:00,13.1
9/10/2016 12:00,14.7
9/10/2016 13:00,15.6
9/10/2016 14:00,15
9/10/2016 15:00,15.9
9/10/2016 16:00,15.3
9/10/2016 17:00,14.9
9/10/2016 18:00,14.1
9/10/2016 19:00,13.8
9/10/2016 20:00,13.8
9/10/2016 21:00,13.5
9/10/2016 22:00,12.4
9/10/2016 23:00,11.9
10/10/2016 0:00,11.7
10/10/2016 1:00,11.6
10/10/2016 2:00,11.1
10/10/2016 3:00,11.1
10/10/2016 4:00,11.2
10/10/2016 5:00,11.1
10/10/2016 6:00,11
10/10/2016 7:00,10.9
10/10/2016 8:00,10.9
10/10/2016 9:00,10.8
10/10/2016 10:00,11.5
10/10/2016 11:00,12
10/10/2016 12:00,12.8
10/10/2016 13:00,13.7
10/10/2016 14:00,14
10/10/2016 15:00,13.6
10/10/2016 16:00,13.6
10/10/2016 17:00,12.8
10/10/2016 18:00,11.2
10/10/2016 19:00,10.4
10/10/2016 20:00,10.4
10/10/2016 21:00,10.2
10/10/2016 22:00,9.9
10/10/2016 23:00,9.2
11/10/2016 0:00,8.7
11/10/2016 1:00,8.1
11/10/2016 2:00,7.7
11/10/2016 3:00,7.2
11/10/2016 4:00,6.8
11/10/2016 5:00,7
11/10/2016 6:00,6.5
11/10/2016 7:00,6.5
11/10/2016 8:00,6.4
11/10/2016 9:00,8.2
11/10/2016 10:00,9.2
11/10/2016 11:00,10.6
11/10/2016 12:00,11.8
11/10/2016 13:00,12.2
11/10/2016 14:00,13.4
11/10/2016 15:00,13.9
11/10/2016 16:00,13.2
11/10/2016 17:00,12
11/10/2016 18:00,11.5
11/10/2016 19:00,11.1
11/10/2016 20:00,10.8
11/10/2016 21:00,10
11/10/2016 22:00,8.6
11/10/2016 23:00,8.7
12/10/2016 0:00,7.3
12/10/2016 1:00,8.3
12/10/2016 2:00,7.9
12/10/2016 3:00,7.3
12/10/2016 4:00,6.8
12/10/2016 5:00,6.8
12/10/2016 6:00,5.3
12/10/2016 7:00,4.1
12/10/2016 8:00,3.9
12/10/2016 9:00,7
12/10/2016 10:00,8.2
12/10/2016 11:00,9.2
12/10/2016 12:00,11.3
12/10/2016 13:00,13
12/10/2016 14:00,12.9
12/10/2016 15:00,13
12/10/2016 16:00,13.4
12/10/2016 17:00,13.4
12/10/2016 18:00,12.7
12/10/2016 19:00,10.8
12/10/2016 20:00,8.8
12/10/2016 21:00,8.5
12/10/2016 22:00,7.7
12/10/2016 23:00,6.6
13/10/2016 0:00,9.5
13/10/2016 1:00,8.3
13/10/2016 2:00,8.5
13/10/2016 3:00,8.3
13/10/2016 4:00,8
13/10/2016 5:00,7
13/10/2016 6:00,5.8
13/10/2016 7:00,5.8
13/10/2016 8:00,6.1
13/10/2016 9:00,7
13/10/2016 10:00,7.2
13/10/2016 11:00,8.1
13/10/2016 12:00,9.3
13/10/2016 13:00,10
13/10/2016 14:00,10.5
13/10/2016 15:00,12.5
13/10/2016 16:00,12.3
13/10/2016 17:00,11.3
13/10/2016 18:00,10.2
13/10/2016 19:00,9.7
13/10/2016 20:00,9
13/10/2016 21:00,9
13/10/2016 23:00,9.2
14/10/2016 0:00,8.9
14/10/2016 1:00,8.9
14/10/2016 2:00,9.2
14/10/2016 3:00,9.2
14/10/2016 4:00,9.2
14/10/2016 5:00,9.5
14/10/2016 6:00,9.4
14/10/2016 7:00,9.4
14/10/2016 8:00,9.6
14/10/2016 9:00,9.8
14/10/2016 10:00,9.9
14/10/2016 11:00,10.4
14/10/2016 12:00,10.9
14/10/2016 13:00,11.4
14/10/2016 14:00,11.8
14/10/2016 15:00,12.2
14/10/2016 16:00,12.4
14/10/2016 17:00,12.4
14/10/2016 18:00,12.6
14/10/2016 19:00,12.9
14/10/2016 20:00,12.3
14/10/2016 21:00,12.6
14/10/2016 22:00,13.1
14/10/2016 23:00,13.2
15/10/2016 0:00,13.5
15/10/2016 1:00,13.6
15/10/2016 2:00,13.8
15/10/2016 3:00,13.2
15/10/2016 4:00,13.6
15/10/2016 5:00,13.5
15/10/2016 6:00,13.1
15/10/2016 7:00,12.9
15/10/2016 8:00,12.9
15/10/2016 9:00,13.3
15/10/2016 10:00,14.3
15/10/2016 11:00,14.8
15/10/2016 12:00,16.4
15/10/2016 13:00,17
15/10/2016 14:00,18.8
15/10/2016 16:00,19.3
15/10/2016 17:00,18.5
15/10/2016 18:00,17.8
15/10/2016 19:00,16.4
15/10/2016 20:00,15.8
15/10/2016 21:00,14.9
15/10/2016 22:00,14.3
15/10/2016 23:00,13.7
16/10/2016 0:00,13.4
16/10/2016 1:00,12.9
16/10/2016 2:00,12.7
16/10/2016 3:00,12.6
16/10/2016 4:00,12.6
16/10/2016 5:00,12.6
16/10/2016 6:00,12.8
16/10/2016 7:00,12.8
16/10/2016 8:00,12.6
16/10/2016 9:00,12.6
16/10/2016 10:00,12.6
16/10/2016 11:00,13.2
16/10/2016 12:00,13.6
16/10/2016 13:00,13.8
16/10/2016 14:00,14
16/10/2016 15:00,14.5
16/10/2016 16:00,14.5
16/10/2016 17:00,14.6
16/10/2016 18:00,14.2
16/10/2016 19:00,12.4
16/10/2016 20:00,11.6
16/10/2016 21:00,10.7
16/10/2016 22:00,10.3
16/10/2016 23:00,10.2
17/10/2016 0:00,10.5
17/10/2016 1:00,10.5
17/10/2016 2:00,12.2
17/10/2016 3:00,12
17/10/2016 4:00,12.4
17/10/2016 5:00,12.5
17/10/2016 6:00,12.4
17/10/2016 7:00,12.1
17/10/2016 8:00,12
17/10/2016 9:00,12.2
17/10/2016 10:00,12.1
17/10/2016 11:00,12.4
17/10/2016 12:00,13
17/10/2016 13:00,13.7
17/10/2016 14:00,14.6
17/10/2016 15:00,14.7
17/10/2016 16:00,14.2
17/10/2016 17:00,14.8
17/10/2016 18:00,14.3
17/10/2016 19:00,14
17/10/2016 20:00,14
17/10/2016 21:00,14.2
17/10/2016 22:00,14.2
17/10/2016 23:00,14.1
18/10/2016 0:00,14.2
18/10/2016 2:00,14.1
18/10/2016 3:00,14
18/10/2016 4:00,13.8
18/10/2016 5:00,13.6
18/10/2016 6:00,13.5
18/10/2016 7:00,13.5
18/10/2016 8:00,13.3
18/10/2016 9:00,13
18/10/2016 10:00,13.3
18/10/2016 11:00,13.9
18/10/2016 12:00,15
18/10/2016 13:00,16.4
18/10/2016 14:00,17.2
18/10/2016 15:00,18.4
18/10/2016 16:00,17.8
18/10/2016 17:00,17.4
18/10/2016 18:00,17.6
18/10/2016 19:00,14.7
18/10/2016 20:00,13.6
18/10/2016 21:00,12.6
18/10/2016 22:00,12
18/10/2016 23:00,11.2
19/10/2016 0:00,11.7
19/10/2016 1:00,12.2
19/10/2016 2:00,11
19/10/2016 3:00,11.5
19/10/2016 4:00,11.9
19/10/2016 5:00,11.8
19/10/2016 6:00,11
19/10/2016 7:00,10.5
19/10/2016 8:00,10.4
19/10/2016 9:00,11.1
19/10/2016 10:00,12.6
19/10/2016 11:00,13.8
19/10/2016 12:00,15.1
19/10/2016 13:00,15.6
19/10/2016 14:00,16.2
19/10/2016 15:00,16
19/10/2016 16:00,16.2
19/10/2016 17:00,15.1
19/10/2016 18:00,14.9
19/10/2016 19:00,13.7
19/10/2016 20:00,14.2
19/10/2016 21:00,13.2
19/10/2016 22:00,12.9
19/10/2016 23:00,12.6
20/10/2016 0:00,12.5
20/10/2016 1:00,12.4
20/10/2016 2:00,12.1
20/10/2016 3:00,11.4
20/10/2016 4:00,11.1
20/10/2016 5:00,10.3
20/10/2016 6:00,9.7
20/10/2016 7:00,9.7
20/10/2016 8:00,9.9
20/10/2016 9:00,10.1
20/10/2016 10:00,9.3
20/10/2016 11:00,9.4
20/10/2016 12:00,10.3
20/10/2016 13:00,10.5
20/10/2016 14:00,10.4
20/10/2016 15:00,9.8
20/10/2016 16:00,9.9
20/10/2016 17:00,9.6
20/10/2016 18:00,9.3
20/10/2016 19:00,8.8
20/10/2016 20:00,8.7
20/10/2016 21:00,9
20/10/2016 22:00,9.2
20/10/2016 23:00,9
21/10/2016 0:00,8.8
21/10/2016 1:00,8.5
21/10/2016 2:00,8.3
21/10/2016 3:00,9
21/10/2016 4:00,8.3
21/10/2016 5:00,8.2
21/10/2016 6:00,8.4
21/10/2016 7:00,8.3
21/10/2016 8:00,7.7
21/10/2016 9:00,7.8
21/10/2016 10:00,8.4
21/10/2016 11:00,11
21/10/2016 12:00,11.9
21/10/2016 13:00,12.8
21/10/2016 14:00,13.7
21/10/2016 15:00,14.1
21/10/2016 16:00,14.5
21/10/2016 17:00,14
21/10/2016 18:00,13.2
21/10/2016 19:00,9.5
21/10/2016 20:00,8.3
21/10/2016 21:00,8.7
21/10/2016 22:00,7.7
21/10/2016 23:00,8.7
22/10/2016 0:00,8.1
22/10/2016 1:00,8
22/10/2016 2:00,7.4
22/10/2016 3:00,6.8
22/10/2016 4:00,6.6
22/10/2016 5:00,6.4
22/10/2016 6:00,6.4
22/10/2016 7:00,6.1
22/10/2016 8:00,5.3
22/10/2016 9:00,6.8
22/10/2016 10:00,8.9
22/10/2016 11:00,10.2
22/10/2016 12:00,12.3
22/10/2016 13:00,13.3
22/10/2016 14:00,13.7
22/10/2016 15:00,13.7
22/10/2016 16:00,14.4
22/10/2016 17:00,15.1
22/10/2016 18:00,11.8
22/10/2016 19:00,10.5
22/10/2016 20:00,9.4
22/10/2016 21:00,9.7
22/10/2016 22:00,9.7
22/10/2016 23:00,10.8
23/10/2016 0:00,10.1
23/10/2016 1:00,9.7
23/10/2016 2:00,8.4
23/10/2016 3:00,8.8
23/10/2016 4:00,8.2
23/10/2016 5:00,7.7
23/10/2016 6:00,7.8
23/10/2016 7:00,8.6
23/10/2016 8:00,8.9
23/10/2016 9:00,9
23/10/2016 10:00,9
23/10/2016 11:00,10.1
23/10/2016 12:00,12.5
23/10/2016 13:00,13.7
23/10/2016 14:00,14
23/10/2016 15:00,14.8
23/10/2016 16:00,14.5
23/10/2016 17:00,14.4
23/10/2016 18:00,13.5
23/10/2016 19:00,12.6
23/10/2016 20:00,12.8
23/10/2016 21:00,12.6
23/10/2016 22:00,12.7
23/10/2016 23:00,12.5
24/10/2016 0:00,12.3
24/10/2016 1:00,12
24/10/2016 2:00,11.8
24/10/2016 3:00,11.7
24/10/2016 4:00,11.4
24/10/2016 5:00,11.3
24/10/2016 6:00,11.2
24/10/2016 7:00,10.9
24/10/2016 8:00,10.9
24/10/2016 9:00,10.8
24/10/2016 10:00,10.9
24/10/2016 11:00,11.2
24/10/2016 12:00,11.4
24/10/2016 13:00,11.8
24/10/2016 14:00,12.1
24/10/2016 15:00,12.5
24/10/2016 16:00,12.8
24/10/2016 17:00,13.2
24/10/2016 18:00,13.5
24/10/2016 19:00,13.3
24/10/2016 20:00,13.3
24/10/2016 21:00,13.4
24/10/2016 22:00,13.4
24/10/2016 23:00,13.4
25/10/2016 0:00,13.5
25/10/2016 1:00,13.5
25/10/2016 2:00,13.6
25/10/2016 3:00,13.7
25/10/2016 4:00,13.6
25/10/2016 5:00,13.4
25/10/2016 6:00,13.2
25/10/2016 7:00,12.8
25/10/2016 8:00,12.8
25/10/2016 9:00,12.7
25/10/2016 10:00,12.7
25/10/2016 11:00,12.9
25/10/2016 12:00,13.5
25/10/2016 13:00,13.8
25/10/2016 14:00,14.1
25/10/2016 15:00,14.2
25/10/2016 16:00,14.1
25/10/2016 17:00,14.1
25/10/2016 18:00,13.8
25/10/2016 19:00,13.8
25/10/2016 20:00,13.6
25/10/2016 21:00,13.6
25/10/2016 22:00,13.6
25/10/2016 23:00,13.6
26/10/2016 0:00,13.4
26/10/2016 1:00,13.5
26/10/2016 2:00,13.7
26/10/2016 3:00,13.7
26/10/2016 4:00,13.4
26/10/2016 5:00,13.1
26/10/2016 6:00,13.1
26/10/2016 7:00,13
26/10/2016 8:00,13.2
26/10/2016 9:00,13.2
26/10/2016 10:00,13.5
26/10/2016 11:00,14.3
26/10/2016 12:00,14.7
26/10/2016 13:00,15.5
26/10/2016 14:00,16.8
26/10/2016 15:00,17.9
26/10/2016 16:00,17.2
26/10/2016 17:00,16.5
26/10/2016 18:00,15.6
26/10/2016 19:00,15.2
26/10/2016 20:00,14.8
26/10/2016 21:00,15
26/10/2016 22:00,15.1
26/10/2016 23:00,14.6
27/10/2016 0:00,14.8
27/10/2016 1:00,14.4
27/10/2016 2:00,14.1
27/10/2016 3:00,13.7
27/10/2016 4:00,13.5
27/10/2016 5:00,13.4
27/10/2016 6:00,12.5
27/10/2016 7:00,11.7
27/10/2016 8:00,12
27/10/2016 9:00,12.2
27/10/2016 10:00,13.7
27/10/2016 11:00,14.8
27/10/2016 12:00,15.6
27/10/2016 13:00,16.5
27/10/2016 14:00,17
27/10/2016 15:00,16.9
27/10/2016 16:00,16.5
27/10/2016 17:00,16
27/10/2016 18:00,13.5
27/10/2016 19:00,12.1
27/10/2016 20:00,11.1
27/10/2016 21:00,11.8
27/10/2016 22:00,13.9
27/10/2016 23:00,13.9
28/10/2016 0:00,13.4
28/10/2016 1:00,12
28/10/2016 2:00,10.4
28/10/2016 3:00,9.2
28/10/2016 4:00,8.7
28/10/2016 5:00,8.8
28/10/2016 6:00,8.5
28/10/2016 7:00,9.2
28/10/2016 8:00,9.1
28/10/2016 9:00,9.7
28/10/2016 10:00,10.1
28/10/2016 11:00,11.7
28/10/2016 12:00,13.5
28/10/2016 13:00,14.2
28/10/2016 14:00,14.3
28/10/2016 15:00,14.5
28/10/2016 16:00,14.9
28/10/2016 17:00,14.8
28/10/2016 18:00,13.4
28/10/2016 19:00,10.3
28/10/2016 20:00,9.2
28/10/2016 21:00,8.8
28/10/2016 22:00,8.5
28/10/2016 23:00,9.6
29/10/2016 0:00,9.1
29/10/2016 1:00,9.3
29/10/2016 2:00,8
29/10/2016 3:00,8.5
29/10/2016 4:00,7.1
29/10/2016 5:00,8.4
29/10/2016 6:00,6.7
29/10/2016 7:00,5.8
29/10/2016 8:00,5.9
29/10/2016 9:00,7.1
29/10/2016 10:00,10.1
29/10/2016 11:00,11.8
29/10/2016 12:00,13.8
29/10/2016 13:00,14.3
29/10/2016 14:00,15.4
29/10/2016 15:00,16.5
29/10/2016 16:00,17.2
29/10/2016 17:00,16
29/10/2016 18:00,14.6
29/10/2016 19:00,12.6
29/10/2016 20:00,10.7
29/10/2016 21:00,9.8
29/10/2016 22:00,9.6
29/10/2016 23:00,9.6
30/10/2016 0:00,8.8
30/10/2016 1:00,10.2
30/10/2016 2:00,8.8
30/10/2016 3:00,8.1
30/10/2016 4:00,8.2
30/10/2016 5:00,8
30/10/2016 6:00,7.6
30/10/2016 7:00,8
30/10/2016 8:00,8.5
30/10/2016 9:00,10.4
30/10/2016 10:00,11.9
30/10/2016 11:00,13.5
30/10/2016 12:00,14.8
30/10/2016 13:00,16.2
30/10/2016 14:00,16.7
30/10/2016 15:00,16.5
30/10/2016 16:00,15.2
30/10/2016 17:00,13.9
30/10/2016 18:00,11.1
30/10/2016 19:00,9.8
30/10/2016 20:00,9.3
30/10/2016 21:00,8.7
30/10/2016 22:00,11.3
30/10/2016 23:00,9
31/10/2016 0:00,10.5
31/10/2016 1:00,10.6
31/10/2016 2:00,10.1
31/10/2016 3:00,9.9
31/10/2016 4:00,9.3
31/10/2016 5:00,8.4
31/10/2016 6:00,8.5
31/10/2016 7:00,9.1
31/10/2016 8:00,9.7
31/10/2016 9:00,9.7
31/10/2016 10:00,10.2
31/10/2016 11:00,10.9
31/10/2016 12:00,11.8
31/10/2016 13:00,12.5
31/10/2016 14:00,12.8
31/10/2016 15:00,12.6
31/10/2016 16:00,12.6
31/10/2016 17:00,12.2
31/10/2016 18:00,11.5
31/10/2016 19:00,10.2
31/10/2016 20:00,8.4
31/10/2016 21:00,7.8
31/10/2016 22:00,7.3
31/10/2016 23:00,7.1
1/11/2016 0:00,6.7
1/11/2016 1:00,6.7
1/11/2016 2:00,6.5
1/11/2016 3:00,6.2
1/11/2016 4:00,6
1/11/2016 5:00,6.7
1/11/2016 6:00,5.8
1/11/2016 7:00,5.4
1/11/2016 8:00,6.5
1/11/2016 9:00,8.3
1/11/2016 10:00,11.4
1/11/2016 11:00,12.7
1/11/2016 12:00,14
1/11/2016 13:00,13.6
1/11/2016 14:00,13.5
1/11/2016 15:00,13.2
1/11/2016 16:00,12.9
1/11/2016 17:00,12.3
1/11/2016 18:00,12.1
1/11/2016 19:00,11.2
1/11/2016 20:00,10.5
1/11/2016 21:00,9.4
1/11/2016 22:00,8.8
1/11/2016 23:00,8.7
2/11/2016 0:00,8.5
2/11/2016 1:00,8.7
2/11/2016 2:00,8.9
2/11/2016 3:00,8.9
2/11/2016 4:00,9.2
2/11/2016 5:00,9.3
2/11/2016 6:00,9.4
2/11/2016 7:00,9.6
2/11/2016 8:00,9.7
2/11/2016 10:00,10.5
2/11/2016 11:00,10.9
2/11/2016 12:00,11.2
2/11/2016 13:00,11.8
2/11/2016 14:00,11.7
2/11/2016 15:00,11.6
2/11/2016 16:00,11.7
2/11/2016 17:00,11.4
2/11/2016 18:00,11.2
2/11/2016 19:00,10.4
2/11/2016 20:00,9.3
2/11/2016 21:00,9
2/11/2016 22:00,8.8
2/11/2016 23:00,8.6
3/11/2016 0:00,8.8
3/11/2016 1:00,8.5
3/11/2016 2:00,8.4
3/11/2016 3:00,7.7
3/11/2016 4:00,7.7
3/11/2016 5:00,7.3
3/11/2016 6:00,7.4
3/11/2016 7:00,6.8
3/11/2016 8:00,7.2
3/11/2016 9:00,8.1
3/11/2016 10:00,10.4
3/11/2016 11:00,12.6
3/11/2016 12:00,13.7
3/11/2016 13:00,13.8
3/11/2016 14:00,13.7
3/11/2016 15:00,13.5
3/11/2016 16:00,12.5
3/11/2016 17:00,10.8
3/11/2016 18:00,10.1
3/11/2016 19:00,9.3
3/11/2016 20:00,8.7
3/11/2016 21:00,8.4
3/11/2016 22:00,7.6
3/11/2016 23:00,6.7
4/11/2016 0:00,6.7
4/11/2016 1:00,6.7
4/11/2016 2:00,6.7
4/11/2016 3:00,6
4/11/2016 4:00,5.4
4/11/2016 5:00,5.8
4/11/2016 6:00,5.8
4/11/2016 7:00,5.7
4/11/2016 8:00,6
4/11/2016 9:00,7.4
4/11/2016 10:00,8.6
4/11/2016 11:00,9.1
4/11/2016 12:00,10.7
4/11/2016 13:00,11.1
4/11/2016 14:00,11.5
4/11/2016 15:00,11.6
4/11/2016 16:00,11.1
4/11/2016 17:00,10.3
4/11/2016 18:00,9
4/11/2016 19:00,8.8
4/11/2016 20:00,9
4/11/2016 21:00,10.1
4/11/2016 22:00,9.9
4/11/2016 23:00,9.5
5/11/2016 0:00,8.8
5/11/2016 1:00,8.8
5/11/2016 2:00,9.1
5/11/2016 3:00,9.2
5/11/2016 4:00,9.3
5/11/2016 5:00,9.5
5/11/2016 6:00,8.8
5/11/2016 7:00,7.3
5/11/2016 8:00,7
5/11/2016 9:00,6.5
5/11/2016 10:00,6.7
5/11/2016 11:00,7.2
5/11/2016 12:00,7
5/11/2016 13:00,7.5
5/11/2016 14:00,7.8
5/11/2016 15:00,8.8
5/11/2016 16:00,9.4
5/11/2016 17:00,9.2
5/11/2016 18:00,9.5
5/11/2016 19:00,9.7
5/11/2016 20:00,9.8
5/11/2016 21:00,10.1
5/11/2016 22:00,10.2
5/11/2016 23:00,10.1
6/11/2016 0:00,9.6
6/11/2016 1:00,9.7
6/11/2016 2:00,10.6
6/11/2016 3:00,9.6
6/11/2016 4:00,9.3
6/11/2016 5:00,7.8
6/11/2016 6:00,9.9
6/11/2016 7:00,9
6/11/2016 8:00,9.3
6/11/2016 9:00,9.7
6/11/2016 10:00,9.3
6/11/2016 11:00,10.1
6/11/2016 12:00,11.4
6/11/2016 13:00,14.2
6/11/2016 14:00,14.4
6/11/2016 15:00,14.4
6/11/2016 16:00,12.6
6/11/2016 17:00,11.9
6/11/2016 18:00,11.1
6/11/2016 19:00,10.9
6/11/2016 20:00,11.4
6/11/2016 21:00,11
6/11/2016 22:00,11.3
6/11/2016 23:00,11
7/11/2016 0:00,10.7
7/11/2016 1:00,10.7
7/11/2016 2:00,10.1
7/11/2016 3:00,9.3
7/11/2016 4:00,8.2
7/11/2016 5:00,7.6
7/11/2016 6:00,7.3
7/11/2016 7:00,7
7/11/2016 8:00,6.8
7/11/2016 9:00,7.4
7/11/2016 10:00,8.8
7/11/2016 11:00,9.7
7/11/2016 12:00,10.8
7/11/2016 13:00,11.6
7/11/2016 14:00,12.8
7/11/2016 15:00,13.4
7/11/2016 16:00,13.2
7/11/2016 17:00,10
7/11/2016 18:00,7.4
7/11/2016 20:00,7.8
7/11/2016 21:00,7.5
7/11/2016 22:00,6.6
7/11/2016 23:00,6.6
8/11/2016 0:00,6.3
8/11/2016 1:00,6
8/11/2016 2:00,6
8/11/2016 3:00,6.5
8/11/2016 4:00,6.4
8/11/2016 5:00,6
8/11/2016 6:00,5.8
8/11/2016 7:00,5.7
8/11/2016 8:00,5.8
8/11/2016 9:00,7.2
8/11/2016 10:00,8
8/11/2016 11:00,8.7
8/11/2016 12:00,9.4
8/11/2016 13:00,9.8
8/11/2016 14:00,10.1
8/11/2016 15:00,10
8/11/2016 16:00,9.6
8/11/2016 17:00,8
8/11/2016 18:00,7.4
8/11/2016 19:00,6.9
8/11/2016 20:00,6.3
8/11/2016 21:00,5.2
8/11/2016 22:00,4.7
8/11/2016 23:00,4.3
9/11/2016 0:00,3.6
9/11/2016 1:00,3.8
9/11/2016 2:00,3.8
9/11/2016 3:00,4.6
9/11/2016 4:00,4
9/11/2016 5:00,3.6
9/11/2016 6:00,3.3
9/11/2016 7:00,3.6
9/11/2016 8:00,3.4
9/11/2016 9:00,4.9
9/11/2016 10:00,6.7
9/11/2016 11:00,7.1
9/11/2016 12:00,8.2
9/11/2016 13:00,8.2
9/11/2016 14:00,10.2
9/11/2016 15:00,9.1
9/11/2016 16:00,7.9
9/11/2016 17:00,7.3
9/11/2016 18:00,6.9
9/11/2016 19:00,6.1
9/11/2016 20:00,6.1
9/11/2016 21:00,7
9/11/2016 22:00,7.2
9/11/2016 23:00,6.2
10/11/2016 0:00,5.1
10/11/2016 1:00,5.1
10/11/2016 2:00,5.2
10/11/2016 3:00,5.2
10/11/2016 4:00,5.2
10/11/2016 5:00,5.1
10/11/2016 6:00,5.2
10/11/2016 7:00,4.9
10/11/2016 8:00,4.3
10/11/2016 9:00,5.1
10/11/2016 10:00,6.1
10/11/2016 11:00,7.2
10/11/2016 12:00,7.1
10/11/2016 13:00,7.2
10/11/2016 14:00,9
10/11/2016 15:00,8.3
10/11/2016 16:00,7.7
10/11/2016 17:00,5.7
10/11/2016 18:00,5.2
10/11/2016 19:00,5.4
10/11/2016 20:00,3.9
10/11/2016 21:00,5.3
10/11/2016 22:00,5.8
11/11/2016 23:00,6.3
12/11/2016 0:00,6.8
12/11/2016 1:00,7
12/11/2016 2:00,7.2
12/11/2016 3:00,6.4
12/11/2016 4:00,6.4
12/11/2016 5:00,7.2
12/11/2016 6:00,7.2
12/11/2016 7:00,7.5
12/11/2016 8:00,7.9
12/11/2016 9:00,7.3
12/11/2016 10:00,7.2
12/11/2016 11:00,8
12/11/2016 12:00,10.6
12/11/2016 13:00,11.4
12/11/2016 14:00,12.1
12/11/2016 15:00,11.3
12/11/2016 16:00,11.3
12/11/2016 17:00,9.6
12/11/2016 18:00,8.7
12/11/2016 19:00,7.1
12/11/2016 20:00,4.6
12/11/2016 21:00,3.8
12/11/2016 22:00,3.1
12/11/2016 23:00,5.3
13/11/2016 0:00,4.9
13/11/2016 1:00,4.3
13/11/2016 2:00,3.2
13/11/2016 3:00,1.3
13/11/2016 4:00,1.9
13/11/2016 5:00,1.7
13/11/2016 6:00,1.5
13/11/2016 7:00,1.6
13/11/2016 8:00,1.9
13/11/2016 9:00,2.7
13/11/2016 10:00,3.4
13/11/2016 11:00,4.5
13/11/2016 12:00,5.9
13/11/2016 13:00,6.7
13/11/2016 14:00,7.4
13/11/2016 15:00,8.1
13/11/2016 16:00,8.6
13/11/2016 17:00,7.1
13/11/2016 18:00,7.2
13/11/2016 19:00,6.6
13/11/2016 20:00,6.4
13/11/2016 22:00,5
13/11/2016 23:00,5
14/11/2016 0:00,4.1
14/11/2016 1:00,3.6
14/11/2016 2:00,3.4
14/11/2016 3:00,3.4
14/11/2016 4:00,3.4
14/11/2016 5:00,3.3
14/11/2016 6:00,2.8
14/11/2016 7:00,2.9
14/11/2016 8:00,3.1
14/11/2016 9:00,3
14/11/2016 10:00,3.6
14/11/2016 11:00,4.7
14/11/2016 12:00,5
14/11/2016 13:00,6.1
14/11/2016 14:00,6.2
14/11/2016 15:00,6.9
14/11/2016 16:00,5.7
14/11/2016 17:00,5.1
14/11/2016 18:00,4.7
15/11/2016 0:00,2.1
15/11/2016 1:00,1.1
15/11/2016 2:00,1
15/11/2016 3:00,0.5
15/11/2016 4:00,0.9
15/11/2016 5:00,0
15/11/2016 6:00,-0.9
15/11/2016 7:00,-0.9
15/11/2016 8:00,-0.3
15/11/2016 9:00,1.6
15/11/2016 10:00,2.5
15/11/2016 12:00,4
15/11/2016 13:00,5
15/11/2016 14:00,5.7
15/11/2016 15:00,5.3
15/11/2016 16:00,5.8
15/11/2016 17:00,2.8
15/11/2016 18:00,0.4
15/11/2016 19:00,-0.2
15/11/2016 20:00,-1
15/11/2016 21:00,0.8
15/11/2016 22:00,2.5
15/11/2016 23:00,3.1
16/11/2016 0:00,3.5
16/11/2016 1:00,3.6
16/11/2016 2:00,3
16/11/2016 3:00,1.3
16/11/2016 4:00,2.2
16/11/2016 5:00,1.5
16/11/2016 6:00,-1
16/11/2016 7:00,0.1
16/11/2016 8:00,-1
16/11/2016 9:00,1.6
16/11/2016 10:00,2.7
16/11/2016 12:00,5.1
16/11/2016 13:00,6
16/11/2016 14:00,6.1
16/11/2016 15:00,6.1
16/11/2016 16:00,5.7
16/11/2016 17:00,4.2
16/11/2016 18:00,3.3
16/11/2016 19:00,3
16/11/2016 20:00,3.7
16/11/2016 21:00,3.3
16/11/2016 22:00,3.9
16/11/2016 23:00,3.9
17/11/2016 0:00,4.1
17/11/2016 1:00,4.1
17/11/2016 2:00,4
17/11/2016 3:00,3.8
17/11/2016 4:00,4.1
17/11/2016 5:00,3.8
17/11/2016 6:00,3.9
17/11/2016 7:00,3.6
17/11/2016 8:00,3.2
17/11/2016 9:00,3.7
17/11/2016 10:00,5.7
17/11/2016 11:00,6.9
17/11/2016 12:00,7.3
17/11/2016 13:00,8.5
17/11/2016 14:00,9.4
17/11/2016 15:00,9
17/11/2016 16:00,8.1
17/11/2016 17:00,6.7
17/11/2016 18:00,6.6
17/11/2016 19:00,6.8
17/11/2016 20:00,6.6
17/11/2016 21:00,6.6
17/11/2016 22:00,6.4
17/11/2016 23:00,6.2
18/11/2016 0:00,6.3
18/11/2016 1:00,6.3
18/11/2016 2:00,6.5
18/11/2016 3:00,6.3
18/11/2016 4:00,6.4
18/11/2016 5:00,6
18/11/2016 6:00,5.8
18/11/2016 7:00,5.9
18/11/2016 8:00,6
18/11/2016 9:00,6.2
18/11/2016 10:00,6
18/11/2016 12:00,7.1
18/11/2016 14:00,7.9
18/11/2016 15:00,8.6
18/11/2016 16:00,8.6
18/11/2016 17:00,8.6
18/11/2016 18:00,7.9
18/11/2016 19:00,8
18/11/2016 20:00,8.1
18/11/2016 21:00,7.6
18/11/2016 22:00,7.2
18/11/2016 23:00,7.2
19/11/2016 0:00,7.2
19/11/2016 1:00,7.3
19/11/2016 2:00,8.1
19/11/2016 3:00,8.7
19/11/2016 4:00,7.7
19/11/2016 5:00,7.7
19/11/2016 6:00,7.9
19/11/2016 7:00,8.1
19/11/2016 8:00,8.3
19/11/2016 9:00,10
19/11/2016 10:00,10.6
19/11/2016 11:00,10.9
19/11/2016 12:00,11.5
19/11/2016 13:00,11.7
19/11/2016 14:00,11.3
19/11/2016 15:00,11
19/11/2016 16:00,11
19/11/2016 17:00,10.6
19/11/2016 18:00,9.3
19/11/2016 19:00,9.3
19/11/2016 20:00,9.3
19/11/2016 21:00,8.2
19/11/2016 22:00,9.3
19/11/2016 23:00,8.2
20/11/2016 0:00,7.8
20/11/2016 1:00,7.2
20/11/2016 2:00,7.5
20/11/2016 3:00,7.7
20/11/2016 4:00,7.2
20/11/2016 5:00,7.4
20/11/2016 6:00,7.1
20/11/2016 7:00,7.5
20/11/2016 8:00,7
20/11/2016 9:00,6.4
20/11/2016 10:00,6.4
20/11/2016 11:00,6.9
20/11/2016 12:00,7.8
20/11/2016 13:00,8.1
20/11/2016 14:00,8.2
20/11/2016 15:00,8.4
20/11/2016 16:00,8.3
20/11/2016 17:00,7.8
20/11/2016 18:00,7.8
20/11/2016 19:00,7.7
20/11/2016 20:00,7.8
20/11/2016 21:00,7.9
20/11/2016 22:00,8.3
20/11/2016 23:00,8
21/11/2016 0:00,8.1
21/11/2016 1:00,8.2
21/11/2016 2:00,8.4
21/11/2016 3:00,8.6
21/11/2016 4:00,8.5
21/11/2016 5:00,7.9
21/11/2016 6:00,8
21/11/2016 7:00,8.7
21/11/2016 8:00,9.6
21/11/2016 9:00,9.4
21/11/2016 10:00,9.8
21/11/2016 11:00,10.1
21/11/2016 12:00,11
21/11/2016 13:00,11.1
21/11/2016 14:00,11.8
21/11/2016 15:00,11.6
21/11/2016 16:00,11.4
21/11/2016 17:00,11.3
21/11/2016 18:00,11.4
21/11/2016 19:00,11.3
21/11/2016 20:00,11.3
21/11/2016 21:00,11.3
21/11/2016 22:00,10.8
21/11/2016 23:00,11.5
22/11/2016 0:00,11.5
22/11/2016 1:00,10.9
22/11/2016 2:00,10.7
22/11/2016 3:00,10.5
22/11/2016 4:00,10.4
22/11/2016 5:00,10.4
22/11/2016 6:00,10.3
22/11/2016 7:00,10.3
22/11/2016 8:00,10.5
22/11/2016 9:00,11.5
22/11/2016 10:00,11.9
22/11/2016 11:00,12.9
22/11/2016 12:00,14.4
22/11/2016 13:00,14.5
22/11/2016 14:00,15.2
22/11/2016 15:00,14.7
22/11/2016 16:00,14.2
22/11/2016 17:00,12.9
22/11/2016 18:00,11.7
22/11/2016 19:00,11.4
22/11/2016 20:00,11.1
22/11/2016 21:00,11.1
22/11/2016 22:00,11.3
22/11/2016 23:00,11.3
23/11/2016 0:00,11.4
23/11/2016 2:00,10.6
23/11/2016 3:00,10.1
23/11/2016 4:00,10.2
23/11/2016 5:00,10.5
23/11/2016 6:00,10.2
23/11/2016 7:00,10.1
23/11/2016 8:00,10.1
23/11/2016 9:00,10.3
23/11/2016 10:00,10.9
23/11/2016 11:00,12.4
23/11/2016 13:00,13.4
23/11/2016 14:00,14.6
23/11/2016 15:00,14.2
23/11/2016 16:00,14
23/11/2016 17:00,13.3
23/11/2016 18:00,12.4
23/11/2016 19:00,13
23/11/2016 20:00,12.9
23/11/2016 21:00,13
23/11/2016 22:00,11.4
23/11/2016 23:00,11.9
24/11/2016 0:00,12.2
24/11/2016 1:00,11.9
24/11/2016 2:00,11.9
24/11/2016 3:00,11.4
24/11/2016 4:00,11.3
24/11/2016 5:00,11.3
24/11/2016 6:00,11.2
24/11/2016 7:00,10.9
24/11/2016 8:00,10.7
24/11/2016 9:00,10.9
24/11/2016 10:00,11.5
24/11/2016 11:00,12.1
24/11/2016 12:00,12.5
24/11/2016 13:00,13
24/11/2016 14:00,13.4
24/11/2016 15:00,13.7
24/11/2016 16:00,13.6
24/11/2016 17:00,13.3
24/11/2016 18:00,13.6
24/11/2016 19:00,13.7
24/11/2016 20:00,13.7
24/11/2016 21:00,13
24/11/2016 22:00,12.5
24/11/2016 23:00,12.1
25/11/2016 0:00,11.9
25/11/2016 1:00,12
25/11/2016 2:00,11.6
25/11/2016 3:00,11.7
25/11/2016 4:00,11.6
25/11/2016 5:00,12.1
25/11/2016 6:00,12.2
25/11/2016 7:00,12.1
25/11/2016 8:00,11.7
25/11/2016 9:00,11.6
25/11/2016 10:00,11.3
25/11/2016 11:00,11.6
25/11/2016 12:00,12.1
25/11/2016 13:00,12.1
25/11/2016 14:00,11.9
25/11/2016 15:00,12.3
25/11/2016 16:00,12.2
25/11/2016 17:00,12.3
25/11/2016 18:00,12.3
25/11/2016 19:00,12.2
25/11/2016 20:00,12
25/11/2016 21:00,11.8
25/11/2016 22:00,11.7
25/11/2016 23:00,11.6
26/11/2016 0:00,11.4
26/11/2016 1:00,11.2
26/11/2016 2:00,11
26/11/2016 3:00,10.9
26/11/2016 4:00,10.9
26/11/2016 5:00,10.8
26/11/2016 6:00,10.7
26/11/2016 7:00,10.5
26/11/2016 8:00,10.4
26/11/2016 9:00,10.6
26/11/2016 10:00,11.1
26/11/2016 11:00,11.4
26/11/2016 12:00,11.6
26/11/2016 13:00,11.8
26/11/2016 14:00,11.8
26/11/2016 15:00,12.1
26/11/2016 16:00,12.1
26/11/2016 17:00,10.7
26/11/2016 18:00,9.3
26/11/2016 19:00,8.6
26/11/2016 20:00,8.9
26/11/2016 21:00,9.5
26/11/2016 22:00,9.7
26/11/2016 23:00,9.7
27/11/2016 0:00,9.4
27/11/2016 1:00,8.9
27/11/2016 2:00,8.8
27/11/2016 3:00,8.9
27/11/2016 4:00,8.5
27/11/2016 5:00,8.3
27/11/2016 6:00,8.2
27/11/2016 7:00,8.6
27/11/2016 8:00,8.4
27/11/2016 9:00,8.6
27/11/2016 10:00,9.2
27/11/2016 11:00,9.7
27/11/2016 12:00,10.1
27/11/2016 13:00,10.2
27/11/2016 14:00,10.4
27/11/2016 15:00,10
27/11/2016 16:00,9.6
27/11/2016 17:00,8.7
27/11/2016 18:00,8.8
27/11/2016 19:00,7.3
27/11/2016 20:00,7.4
27/11/2016 21:00,8.3
27/11/2016 22:00,6.9
27/11/2016 23:00,7.3
28/11/2016 0:00,8.6
28/11/2016 1:00,8.5
28/11/2016 2:00,8.5
28/11/2016 3:00,8.4
28/11/2016 4:00,8.5
28/11/2016 5:00,8.4
28/11/2016 6:00,8.3
28/11/2016 7:00,8
28/11/2016 8:00,8.2
28/11/2016 9:00,7.1
28/11/2016 10:00,7.7
28/11/2016 11:00,8.4
28/11/2016 12:00,8.8
28/11/2016 13:00,8.3
28/11/2016 14:00,8.7
28/11/2016 15:00,7.5
28/11/2016 16:00,7.1
28/11/2016 17:00,6.8
28/11/2016 18:00,6.1
28/11/2016 19:00,5.9
28/11/2016 20:00,5.4
28/11/2016 21:00,4.9
28/11/2016 22:00,4.8
28/11/2016 23:00,4.5
29/11/2016 0:00,3.5
29/11/2016 1:00,2.4
29/11/2016 2:00,1.4
29/11/2016 3:00,0.4
29/11/2016 4:00,0.4
29/11/2016 5:00,-0.3
29/11/2016 6:00,-0.6
29/11/2016 7:00,-0.9
29/11/2016 8:00,-0.4
29/11/2016 9:00,1.4
29/11/2016 10:00,2.9
29/11/2016 11:00,3.5
29/11/2016 12:00,4.4
29/11/2016 13:00,4.6
29/11/2016 14:00,4.5
29/11/2016 15:00,4.1
29/11/2016 16:00,3.8
29/11/2016 17:00,0
14/12/2016 9:00,2.1
14/12/2016 10:00,1.4
14/12/2016 11:00,1.4
14/12/2016 12:00,1.3
15/12/2016 16:00,0.9
15/12/2016 17:00,1.4
15/12/2016 18:00,1.2
15/12/2016 19:00,0.9
15/12/2016 20:00,0.2
15/12/2016 21:00,0.3
15/12/2016 22:00,0.2
15/12/2016 23:00,1.3
16/12/2016 0:00,1.4
16/12/2016 1:00,0.7
16/12/2016 2:00,0.4
16/12/2016 3:00,-0.5
16/12/2016 4:00,-0.7
16/12/2016 5:00,-0.8
16/12/2016 6:00,-1.1
16/12/2016 7:00,-0.7
16/12/2016 8:00,-0.5
16/12/2016 9:00,0.3
16/12/2016 10:00,1.9
16/12/2016 11:00,3.7
16/12/2016 12:00,4.8
16/12/2016 13:00,5.6
16/12/2016 14:00,5.4
16/12/2016 15:00,5.1
16/12/2016 16:00,4.5
16/12/2016 17:00,3.5
16/12/2016 18:00,2.8
16/12/2016 19:00,2
16/12/2016 20:00,1.1
16/12/2016 21:00,0.3
16/12/2016 22:00,0.3
16/12/2016 23:00,-0.1
17/12/2016 0:00,0.1
17/12/2016 1:00,-0.1
17/12/2016 2:00,-0.6
17/12/2016 3:00,-0.6
17/12/2016 4:00,-1.3
17/12/2016 5:00,-1.3
17/12/2016 6:00,-1.7
17/12/2016 7:00,-1.8
17/12/2016 8:00,-1.5
17/12/2016 9:00,-0.6
17/12/2016 10:00,1.7
17/12/2016 11:00,3
17/12/2016 12:00,4.8
17/12/2016 13:00,5.2
17/12/2016 14:00,5.3
19/12/2016 7:00,-2.1
19/12/2016 8:00,-1.1
19/12/2016 9:00,0
19/12/2016 10:00,1.4
19/12/2016 11:00,2.3
19/12/2016 12:00,2.6
19/12/2016 13:00,3.6
19/12/2016 14:00,4.3
19/12/2016 15:00,5
19/12/2016 16:00,5
19/12/2016 17:00,3.7
19/12/2016 18:00,3.5
19/12/2016 19:00,3.2
19/12/2016 20:00,3
19/12/2016 21:00,2.9
19/12/2016 22:00,3
19/12/2016 23:00,3
20/12/2016 0:00,3.3
20/12/2016 1:00,3.4
20/12/2016 2:00,3.4
20/12/2016 3:00,3.2
20/12/2016 4:00,3.5
20/12/2016 5:00,3.5
20/12/2016 6:00,3.2
20/12/2016 7:00,3.1
20/12/2016 8:00,3.3
20/12/2016 9:00,3.4
20/12/2016 10:00,3.8
20/12/2016 11:00,3.8
20/12/2016 12:00,4.1
20/12/2016 13:00,4.6
20/12/2016 14:00,5.6
20/12/2016 15:00,6.2
20/12/2016 16:00,6.1
20/12/2016 17:00,5.9
20/12/2016 18:00,5.5
20/12/2016 19:00,5.7
20/12/2016 20:00,4.2
20/12/2016 21:00,3
20/12/2016 22:00,2.6
20/12/2016 23:00,2.7
21/12/2016 0:00,2.8
21/12/2016 1:00,2.8
21/12/2016 2:00,3.2
21/12/2016 3:00,3.2
21/12/2016 4:00,2.5
21/12/2016 5:00,2.4
21/12/2016 6:00,2.5
21/12/2016 7:00,1.9
21/12/2016 8:00,1.5
21/12/2016 9:00,2
21/12/2016 10:00,3.2
21/12/2016 11:00,5.5
21/12/2016 12:00,7.4
21/12/2016 13:00,9.2
21/12/2016 14:00,10.1
21/12/2016 15:00,11.3
21/12/2016 16:00,10.5
21/12/2016 17:00,6.8
21/12/2016 18:00,5.5
21/12/2016 19:00,3.2
21/12/2016 20:00,4.4
21/12/2016 21:00,3
21/12/2016 22:00,2.9
21/12/2016 23:00,2.4
22/12/2016 0:00,1.6
22/12/2016 1:00,0.8
22/12/2016 2:00,1.4
22/12/2016 3:00,1
22/12/2016 4:00,0.8
22/12/2016 5:00,0.7
22/12/2016 6:00,0.6
22/12/2016 7:00,0.2
